{
    "mae": 21.26627641324383,
    "mse": 1324.3168024265713,
    "rmse": 36.391163795989975,
    "mape": 10.65741799441613
}