{
    "mae": 11.904990465862628,
    "mse": 461.6040190623911,
    "rmse": 21.484971935341015,
    "mape": 5.78528313906871
}