{
    "mae": 54.38510607647647,
    "mse": 10863.74009263023,
    "rmse": 104.22926696772952
}