{
    "mae": 62.29065860818256,
    "mse": 11918.812754906156,
    "rmse": 109.17331521441564,
    "mape": 13.204281663801229
}