{
    "mae": 51.14459260123799,
    "mse": 10685.672639662098,
    "rmse": 103.3715272193562,
    "mape": 14.081835646024048
}